{"d":[9.923964032960445,-28.18502611073122,35.25715532144912],"q":[0.32802500560280745,0.06752049696015838,-0.02351312476806904,0.9419595061111559],"s":[0.9999999999999999,1,1],"threshold":0.03302}