{"r_max": 23.4414005279541, "intensity_max": 9.442667007446289, "intensity_min": 1.0000000116860974e-07, "r_size": 128, "theta_size": 128, "phi_size": 256, "num_blocks": 1, "r_values": [1.0, 1.0249507427215576, 1.050524115562439, 1.076735496520996, 1.1036009788513184, 1.1311366558074951, 1.159359335899353, 1.188286304473877, 1.2179349660873413, 1.2483234405517578, 1.2794700860977173, 1.3113938570022583, 1.344114065170288, 1.3776507377624512, 1.4120242595672607, 1.4472553730010986, 1.4833654165267944, 1.5203765630722046, 1.558311104774475, 1.5971921682357788, 1.6370433568954468, 1.6778888702392578, 1.7197535037994385, 1.762662649154663, 1.8066424131393433, 1.8517194986343384, 1.8979213237762451, 1.945275902748108, 1.9938119649887085, 2.0435590744018555, 2.0945475101470947, 2.14680814743042, 2.2003724575042725, 2.2552735805511475, 2.311544179916382, 2.3692190647125244, 2.428332805633545, 2.488921642303467, 2.5510220527648926, 2.6146719455718994, 2.6799099445343018, 2.7467758655548096, 2.815310001373291, 2.885554075241089, 2.9575507640838623, 3.031343936920166, 3.106978178024292, 3.184499502182007, 3.2639551162719727, 3.345393419265747, 3.428863286972046, 3.514415979385376, 3.6021034717559814, 3.6919784545898438, 3.7840962409973145, 3.878512144088745, 3.9752838611602783, 4.074470043182373, 4.176131248474121, 4.280328750610352, 4.387126445770264, 4.496588230133057, 4.608781337738037, 4.723773956298828, 4.841635704040527, 4.962438106536865, 5.086254596710205, 5.213160514831543, 5.34323263168335, 5.476550102233887, 5.613194465637207, 5.7532477378845215, 5.896795272827148, 6.043924808502197, 6.194725036621094, 6.349287986755371, 6.507707595825195, 6.670079708099365, 6.836503028869629, 7.007079124450684, 7.181910514831543, 7.361104488372803, 7.544769763946533, 7.733017444610596, 7.925961494445801, 8.123720169067383, 8.32641315460205, 8.534163475036621, 8.74709701538086, 8.965343475341797, 9.189035415649414, 9.41830825805664, 9.653302192687988, 9.894159317016602, 10.14102554321289, 10.394051551818848, 10.653390884399414, 10.919200897216797, 11.191642761230469, 11.470882415771484, 11.757089614868164, 12.050437927246094, 12.351104736328125, 12.659274101257324, 12.97513198852539, 13.298871040344238, 13.630687713623047, 13.970783233642578, 14.319364547729492, 14.676643371582031, 15.04283618927002, 15.418166160583496, 15.802861213684082, 16.197153091430664, 16.60128402709961, 17.015499114990234, 17.440048217773438, 17.87519073486328, 18.321189880371094, 18.778316497802734, 19.246849060058594, 19.72707176208496, 20.219276428222656, 20.72376251220703, 21.240835189819336, 21.770809173583984, 22.314006805419922, 22.870758056640625, 23.4414005279541], "theta_values": [0.0, 0.02454369328916073, 0.04908738657832146, 0.07363107800483704, 0.09817477315664291, 0.12271846830844879, 0.14726215600967407, 0.17180585861206055, 0.19634954631328583, 0.2208932340145111, 0.24543693661689758, 0.26998063921928406, 0.29452431201934814, 0.3190680146217346, 0.3436117172241211, 0.3681553900241852, 0.39269909262657166, 0.41724279522895813, 0.4417864680290222, 0.4663301706314087, 0.49087387323379517, 0.5154175758361816, 0.5399612784385681, 0.5645049214363098, 0.5890486240386963, 0.6135923266410828, 0.6381360292434692, 0.6626797318458557, 0.6872234344482422, 0.7117670774459839, 0.7363107800483704, 0.7608544826507568, 0.7853981852531433, 0.8099418878555298, 0.8344855904579163, 0.8590292930603027, 0.8835729360580444, 0.9081166386604309, 0.9326603412628174, 0.9572040438652039, 0.9817477464675903, 1.006291389465332, 1.0308351516723633, 1.055378794670105, 1.0799225568771362, 1.104466199874878, 1.1290098428726196, 1.1535536050796509, 1.1780972480773926, 1.2026410102844238, 1.2271846532821655, 1.2517284154891968, 1.2762720584869385, 1.3008157014846802, 1.3253594636917114, 1.3499031066894531, 1.3744468688964844, 1.398990511894226, 1.4235341548919678, 1.448077917098999, 1.4726215600967407, 1.497165322303772, 1.5217089653015137, 1.546252727508545, 1.5707963705062866, 1.5953400135040283, 1.6198837757110596, 1.6444274187088013, 1.6689711809158325, 1.6935148239135742, 1.7180585861206055, 1.7426022291183472, 1.7671458721160889, 1.7916896343231201, 1.8162332773208618, 1.840777039527893, 1.8653206825256348, 1.8898643255233765, 1.9144080877304077, 1.9389517307281494, 1.9634954929351807, 1.9880391359329224, 2.012582778930664, 2.0371265411376953, 2.0616703033447266, 2.0862138271331787, 2.11075758934021, 2.135301351547241, 2.1598451137542725, 2.1843886375427246, 2.208932399749756, 2.233476161956787, 2.2580196857452393, 2.2825634479522705, 2.3071072101593018, 2.331650972366333, 2.356194496154785, 2.3807382583618164, 2.4052820205688477, 2.4298255443573, 2.454369306564331, 2.4789130687713623, 2.5034568309783936, 2.5280003547668457, 2.552544116973877, 2.577087879180908, 2.6016314029693604, 2.6261751651763916, 2.650718927383423, 2.675262451171875, 2.6998062133789062, 2.7243499755859375, 2.7488937377929688, 2.773437261581421, 2.797981023788452, 2.8225247859954834, 2.8470683097839355, 2.871612071990967, 2.896155834197998, 2.9206995964050293, 2.9452431201934814, 2.9697868824005127, 2.994330644607544, 3.018874168395996, 3.0434179306030273, 3.0679616928100586, 3.09250545501709, 3.117048978805542, 3.1415927410125732],